task,base
views,curds
bask,vase
wink's,duke's
car's,maw's
arks,awes
vats,cabs
sits,subs
sags,sags
tea's,bra's
darns,hawks
Lois,opus
sax's,sax's
view,curd
elk's,roe's
Tass's,bass's
basks,vases
tiff,butt
Mimi,lulu
arms,awls
wags,dags
WATS,dabs
wear's,draw's
oinks,pukes
flaw's,toad's
sables,savors
fax's,tax's
fags,tags
oink's,puke's
wear,draw
vars,caws
elks,roes
SARS,saws
tank's,bake's
jags,nags
jack,name
Olen,pork
ax's,ax's
kegs,ergs
tiffs,butts
dags,hags
VLF's,cot's
Lois's,opus's
digs,hugs
Mass's,lass's
oars,paws
tizz,buzz
tasks,bases
vies,curs
jacks,names
lies,ours
Mack,lame
rag's,wag's
tag's,bag's
MiG's,lug's
darn's,hawk's
flaws,toads
oar's,paw's
MA's,la's
flaw,toad
figs,tugs
teas,bras
sacks,sames
loam,opal
view's,curd's
sag's,sag's
fig's,tug's
Diem's,hurl's
sics,sums
UFOs,ftps
gags,gags
ma's,la's
rags,wags
caw's,mad's
Tass,bass
tags,bags
sank,sake
lets,orbs
Gama,gala
wink,duke
Rae's,war's
cues,mfrs
arm's,awl's
wack,dame
darn,hawk
ass's,ass's
let's,orb's
tic's,bum's
mars,laws
ska's,sea's
Th's,by's
maw's,lad's
ear's,raw's
teak,brae
jack's,name's
Kiel,euro
gag's,gag's
Ca's,ma's
Waco's,damp's
glam,goal
sass,sass
jink,nuke
Mars,laws
wack's,dame's
Amos,alps
mac's,lam's
mass's,lass's
sass's,sass's
elf's,rot's
Mac's,lam's
Kiel's,euro's
mask,lase
cars,maws
wait,daub
fats,tabs
sable,savor
dig's,hug's
wears,draws
macs,lams
maws,lads
slims,souls
tit's,bub's
saga's,saga's
jag's,nag's
Waco,damp
caws,mads
Mass,lass
wait's,daub's
rank,wake
tank,bake
ELF's,rot's
vacs,cams
fat's,tab's
VAT's,cab's
Ark's,awe's
winks,dukes
harm's,yawl's
Hans,yaks
Olen's,pork's
tie's,bur's
fit's,tub's
oink,puke
oaf's,pat's
ranks,wakes
Vic's,cum's
Mar's,law's
gas's,gas's
ark's,awe's
Flo's,top's
sack,same
wits,dubs
flies,tours
task's,base's
mien,lurk
mass,lass
sagas,sagas
Mao's,lap's
slim,soul
gaga,gaga
fag's,tag's
tits,bubs
mags,lags
masks,lases
awl's,ado's
tics,bums
mats,labs
Han's,yak's
mag's,lag's
harm,yawl
fix's,tux's
teaks,braes
teak's,brae's
ties,burs
jinks,nukes
Diem,hurl
fits,tubs
wit's,dub's
vat's,cab's
Jack,name
sable's,savor's
miens,lurks
raw's,wad's
rank's,wake's
wacks,dames
Ci's,mu's
Mack's,lame's
harms,yawls
loam's,opal's
dank,hake
tiff's,butt's
tanks,bakes
oafs,pats
mat's,lab's
keg's,erg's
LAN's,oak's
waits,daubs
saga,saga
Jack's,name's
